,name,url,visible_ini,visible_end
0,Acamar,https://www.glyphweb.com/esky/stars/acamar.html,November,November
1,Aldulfin,https://www.glyphweb.com/esky/stars/aldulfin.html,August,August
2,Deneb Dulfim,https://www.glyphweb.com/esky/stars/aldulfin.html,August,August
3,Alrescha,https://www.glyphweb.com/esky/stars/alrisha.html,November,November
4,Alrisha,https://www.glyphweb.com/esky/stars/alrisha.html,November,November
5,Achernar,https://www.glyphweb.com/esky/stars/achernar.html,October,November
6,Alhena,https://www.glyphweb.com/esky/stars/alhena.html,January,January
7,Aleena,https://www.glyphweb.com/esky/stars/alhena.html,January,January
8,Almeisan,https://www.glyphweb.com/esky/stars/alhena.html,January,January
9,Achird,https://www.glyphweb.com/esky/stars/achird.html,October,October
10,Alphard,https://www.glyphweb.com/esky/stars/alfard.html,February,March
11,Alfard,https://www.glyphweb.com/esky/stars/alfard.html,February,March
12,Acrab,https://www.glyphweb.com/esky/stars/acrab.html,June,June
13,Akrab,https://www.glyphweb.com/esky/stars/acrab.html,June,June
14,Elacrab,https://www.glyphweb.com/esky/stars/acrab.html,June,June
15,Graffias,https://www.glyphweb.com/esky/stars/acrab.html,June,June
16,Meridiana,https://www.glyphweb.com/esky/stars/alfeccameridiana.html,July,July
17,Alfecca Meridiana,https://www.glyphweb.com/esky/stars/alfeccameridiana.html,July,July
18,Alphecca Meridiana,https://www.glyphweb.com/esky/stars/alfeccameridiana.html,July,July
19,Acrux,https://www.glyphweb.com/esky/stars/acrux.html,April,April
20,Alfirk,https://www.glyphweb.com/esky/stars/alfirk.html,August,September
21,Alphirk,https://www.glyphweb.com/esky/stars/alfirk.html,August,September
22,Alsafi,https://www.glyphweb.com/esky/stars/alsafi.html,July,August
23,Acubens,https://www.glyphweb.com/esky/stars/acubens.html,Not visible,Not visible
24,Algedi,https://www.glyphweb.com/esky/stars/algedi.html,August,August
25,Algedi Secunda,https://www.glyphweb.com/esky/stars/algedi.html,August,August
26,Giedi,https://www.glyphweb.com/esky/stars/algedi.html,August,August
27,Giedi Secunda,https://www.glyphweb.com/esky/stars/algedi.html,August,August
28,Alsciaukat,https://www.glyphweb.com/esky/stars/alsciaukat.html,February,February
29,Mabsuthat,https://www.glyphweb.com/esky/stars/alsciaukat.html,February,February
30,Adhara,https://www.glyphweb.com/esky/stars/adara.html,January,January
31,Adara,https://www.glyphweb.com/esky/stars/adara.html,January,January
32,Alsephina,https://www.glyphweb.com/esky/stars/deltavelorum.html,February,February
33,Alsafinah,https://www.glyphweb.com/esky/stars/deltavelorum.html,February,February
34,Adhafera,https://www.glyphweb.com/esky/stars/adhafera.html,March,March
35,Algenib,https://www.glyphweb.com/esky/stars/gammapegasi.html,October,October
36,Alshain,https://www.glyphweb.com/esky/stars/alshain.html,August,August
37,Mirfak,https://www.glyphweb.com/esky/stars/algenib.html,November,December
38,Mirphak,https://www.glyphweb.com/esky/stars/algenib.html,November,December
39,Sham,https://www.glyphweb.com/esky/stars/sham.html,July,August
40,Alsham,https://www.glyphweb.com/esky/stars/sham.html,July,August
41,Adhil,https://www.glyphweb.com/esky/stars/adhil.html,Not visible,Not visible
42,Ras Elased Australis,https://www.glyphweb.com/esky/stars/raselasedaustralis.html,February,March
43,Algenubi,https://www.glyphweb.com/esky/stars/raselasedaustralis.html,February,March
44,Rasalas,https://www.glyphweb.com/esky/stars/rasalas.html,March,March
45,Ras Elased Borealis,https://www.glyphweb.com/esky/stars/rasalas.html,March,March
46,Alshemali,https://www.glyphweb.com/esky/stars/rasalas.html,March,March
47,Adid Australis,https://www.glyphweb.com/esky/stars/adidaustralis.html,December,December
48,Algieba,https://www.glyphweb.com/esky/stars/algieba.html,March,March
49,Juba,https://www.glyphweb.com/esky/stars/algieba.html,March,March
50,Suhail,https://www.glyphweb.com/esky/stars/alsuhail.html,February,March
51,Alsuhail,https://www.glyphweb.com/esky/stars/alsuhail.html,February,March
52,Adid Borealis,https://www.glyphweb.com/esky/stars/adidborealis.html,November,December
53,Basel,https://www.glyphweb.com/esky/stars/adidborealis.html,November,December
54,Algol,https://www.glyphweb.com/esky/stars/algol.html,November,November
55,Altair,https://www.glyphweb.com/esky/stars/altair.html,July,August
56,Hadar,https://www.glyphweb.com/esky/stars/agena.html,May,May
57,Agena,https://www.glyphweb.com/esky/stars/agena.html,May,May
58,Algorab,https://www.glyphweb.com/esky/stars/algorab.html,April,April
59,Altais,https://www.glyphweb.com/esky/stars/altais.html,July,August
60,Nodus II,https://www.glyphweb.com/esky/stars/altais.html,July,August
61,Nodus Secundus,https://www.glyphweb.com/esky/stars/altais.html,July,August
62,Ahadi,https://www.glyphweb.com/esky/stars/ahadi.html,January,February
63,Tarf,https://www.glyphweb.com/esky/stars/tarf.html,February,February
64,Altarf,https://www.glyphweb.com/esky/stars/tarf.html,February,February
65,Al Tarf,https://www.glyphweb.com/esky/stars/tarf.html,February,February
66,Ain,https://www.glyphweb.com/esky/stars/ain.html,December,December
67,Coronis,https://www.glyphweb.com/esky/stars/ain.html,December,December
68,Oculus Borealis,https://www.glyphweb.com/esky/stars/ain.html,December,December
69,Alherem,https://www.glyphweb.com/esky/stars/alherem.html,March,March
70,Al Haram,https://www.glyphweb.com/esky/stars/alherem.html,March,March
71,Peregrini,https://www.glyphweb.com/esky/stars/alherem.html,March,March
72,Elthor,https://www.glyphweb.com/esky/stars/elthor.html,December,December
73,Althor,https://www.glyphweb.com/esky/stars/elthor.html,December,December
74,Al Thaur,https://www.glyphweb.com/esky/stars/elthor.html,December,December
75,Alifa al Farkadain,https://www.glyphweb.com/esky/stars/zetaursaeminoris.html,May,June
76,Aludra,https://www.glyphweb.com/esky/stars/aludra.html,January,February
77,Almaaz,https://www.glyphweb.com/esky/stars/alanz.html,December,December
78,Al Anz,https://www.glyphweb.com/esky/stars/alanz.html,December,December
79,Alioth,https://www.glyphweb.com/esky/stars/alioth.html,April,April
80,Alula Borealis,https://www.glyphweb.com/esky/stars/alulaborealis.html,March,April
81,Minelauva,https://www.glyphweb.com/esky/stars/minelauva.html,April,April
82,Auva,https://www.glyphweb.com/esky/stars/minelauva.html,April,April
83,Al Awwa,https://www.glyphweb.com/esky/stars/minelauva.html,April,April
84,Aljanah,https://www.glyphweb.com/esky/stars/gienah.html,August,August
85,Gienah,https://www.glyphweb.com/esky/stars/gienah.html,August,August
86,GienahCygni,https://www.glyphweb.com/esky/stars/gienah.html,August,August
87,Rastaban,https://www.glyphweb.com/esky/stars/rastaban.html,June,July
88,Restaban,https://www.glyphweb.com/esky/stars/rastaban.html,June,July
89,Asuia,https://www.glyphweb.com/esky/stars/rastaban.html,June,July
90,Alwaid,https://www.glyphweb.com/esky/stars/rastaban.html,June,July
91,Birdun,https://www.glyphweb.com/esky/stars/birdun.html,April,May
92,Al Birdhaun,https://www.glyphweb.com/esky/stars/birdun.html,April,May
93,Tania Australis,https://www.glyphweb.com/esky/stars/taniaaustralis.html,March,March
94,Alkafzah Australis,https://www.glyphweb.com/esky/stars/taniaaustralis.html,March,March
95,Alya,https://www.glyphweb.com/esky/stars/alya.html,July,July
96,CaudaSerpentis,https://www.glyphweb.com/esky/stars/alya.html,July,July
97,Aldhanab,https://www.glyphweb.com/esky/stars/aldhanab.html,August,September
98,Al Dhanab,https://www.glyphweb.com/esky/stars/aldhanab.html,August,September
99,Ras Alkurki,https://www.glyphweb.com/esky/stars/aldhanab.html,August,September
100,Tania Borealis,https://www.glyphweb.com/esky/stars/taniaborealis.html,March,March
101,Alkafzah Borealis,https://www.glyphweb.com/esky/stars/taniaborealis.html,March,March
102,Alzirr,https://www.glyphweb.com/esky/stars/alzirr.html,January,January
103,Al Fakhbir,https://www.glyphweb.com/esky/stars/alfakhbir.html,November,November
104,Alphecher,https://www.glyphweb.com/esky/stars/alfakhbir.html,November,November
105,Alkaid,https://www.glyphweb.com/esky/stars/benetnash.html,April,May
106,Benetnash,https://www.glyphweb.com/esky/stars/benetnash.html,April,May
107,Añañuca,https://www.glyphweb.com/esky/stars/ananuca.html,February,March
108,Fawaris,https://www.glyphweb.com/esky/stars/fawaris.html,July,August
109,Al Fawaris,https://www.glyphweb.com/esky/stars/fawaris.html,July,August
110,Rukh,https://www.glyphweb.com/esky/stars/fawaris.html,July,August
111,Urakhga,https://www.glyphweb.com/esky/stars/fawaris.html,July,August
112,Alkalurops,https://www.glyphweb.com/esky/stars/alkalurops.html,May,June
113,Aniara,https://www.glyphweb.com/esky/stars/hd102956.html,March,April
114,Alkaphrah,https://www.glyphweb.com/esky/stars/alkaphrah.html,February,February
115,Talitha Australis,https://www.glyphweb.com/esky/stars/alkaphrah.html,February,February
116,Ankaa,https://www.glyphweb.com/esky/stars/ankaa.html,October,October
117,Nair al Zaurak,https://www.glyphweb.com/esky/stars/ankaa.html,October,October
118,Head ofPhoenix,https://www.glyphweb.com/esky/stars/ankaa.html,October,October
119,Hassaleh,https://www.glyphweb.com/esky/stars/hassaleh.html,December,December
120,Al Kab,https://www.glyphweb.com/esky/stars/hassaleh.html,December,December
121,Alkarab,https://www.glyphweb.com/esky/stars/alkarab.html,September,October
122,Procyon,https://www.glyphweb.com/esky/stars/procyon.html,January,February
123,Al Kirkab,https://www.glyphweb.com/esky/stars/alkirkab.html,January,February
124,Alkes,https://www.glyphweb.com/esky/stars/alkes.html,March,March
125,Anser,https://www.glyphweb.com/esky/stars/anser.html,July,August
126,Alchiba,https://www.glyphweb.com/esky/stars/alchiba.html,April,April
127,Alchita,https://www.glyphweb.com/esky/stars/alchiba.html,April,April
128,Al Minkar al Ghurab,https://www.glyphweb.com/esky/stars/alchiba.html,April,April
129,Alkibash,https://www.glyphweb.com/esky/stars/alkibash.html,January,February
130,Antares,https://www.glyphweb.com/esky/stars/antares.html,June,June
131,Alnair,https://www.glyphweb.com/esky/stars/alnair.html,September,September
132,Al Nair,https://www.glyphweb.com/esky/stars/alnair.html,September,September
133,Al Na'ir,https://www.glyphweb.com/esky/stars/alnair.html,September,September
134,Almach,https://www.glyphweb.com/esky/stars/alamak.html,November,November
135,Alamak,https://www.glyphweb.com/esky/stars/alamak.html,November,November
136,Almaac,https://www.glyphweb.com/esky/stars/alamak.html,November,November
137,Almaak,https://www.glyphweb.com/esky/stars/alamak.html,November,November
138,Kornephoros,https://www.glyphweb.com/esky/stars/rutilicus.html,June,June
139,Rutilicus,https://www.glyphweb.com/esky/stars/rutilicus.html,June,June
140,Antilicus,https://www.glyphweb.com/esky/stars/rutilicus.html,June,June
141,Leepwal,https://www.glyphweb.com/esky/stars/alnairalbatn.html,May,May
142,Al Nair al Batn,https://www.glyphweb.com/esky/stars/alnairalbatn.html,May,May
143,Anwar al Farkadain,https://www.glyphweb.com/esky/stars/etaursaeminoris.html,June,June
144,Arcturus,https://www.glyphweb.com/esky/stars/arcturus.html,May,May
145,Alniyat,https://www.glyphweb.com/esky/stars/alniyat.html,June,June
146,Al Niyat,https://www.glyphweb.com/esky/stars/alniyat.html,June,June
147,Arneb,https://www.glyphweb.com/esky/stars/arneb.html,December,January
148,Paikauhale,https://www.glyphweb.com/esky/stars/paikauhale.html,June,June
149,Alrakis,https://www.glyphweb.com/esky/stars/arrakis.html,June,June
150,Arrakis,https://www.glyphweb.com/esky/stars/arrakis.html,June,June
151,Errakis,https://www.glyphweb.com/esky/stars/arrakis.html,June,June
152,Ascella,https://www.glyphweb.com/esky/stars/ascella.html,July,July
153,Al Sharas,https://www.glyphweb.com/esky/stars/alsharas.html,Not visible,Not visible
154,Aschere,https://www.glyphweb.com/esky/stars/sirius.html,January,January
155,Canicula,https://www.glyphweb.com/esky/stars/sirius.html,January,January
156,The DogStar,https://www.glyphweb.com/esky/stars/sirius.html,January,January
157,Sirius,https://www.glyphweb.com/esky/stars/sirius.html,January,January
158,Al Sumut,https://www.glyphweb.com/esky/stars/alphapyxidis.html,February,February
159,Alnasl,https://www.glyphweb.com/esky/stars/alnasl.html,July,July
160,El Nasl,https://www.glyphweb.com/esky/stars/alnasl.html,July,July
161,Nasl,https://www.glyphweb.com/esky/stars/alnasl.html,July,July
162,Nash,https://www.glyphweb.com/esky/stars/alnasl.html,July,July
163,Nushaba,https://www.glyphweb.com/esky/stars/alnasl.html,July,July
164,Asellus Borealis,https://www.glyphweb.com/esky/stars/asellusborealis.html,February,February
165,Elnath,https://www.glyphweb.com/esky/stars/nath.html,December,January
166,Alnath,https://www.glyphweb.com/esky/stars/nath.html,December,January
167,Nath,https://www.glyphweb.com/esky/stars/nath.html,December,January
168,Asellus Primus,https://www.glyphweb.com/esky/stars/asellusprimus.html,May,May
169,Ceginus,https://www.glyphweb.com/esky/stars/asellusprimus.html,May,May
170,Alnilam,https://www.glyphweb.com/esky/stars/alnilam.html,December,January
171,Ashlesha,https://www.glyphweb.com/esky/stars/ashlesha.html,February,February
172,Alnitak,https://www.glyphweb.com/esky/stars/alnitak.html,December,January
173,Azmidi,https://www.glyphweb.com/esky/stars/azmidi.html,January,February
174,Azmidiske,https://www.glyphweb.com/esky/stars/azmidi.html,January,February
175,Zavijava,https://www.glyphweb.com/esky/stars/zavijava.html,March,April
176,Alaraph,https://www.glyphweb.com/esky/stars/zavijava.html,March,April
177,Zavijah,https://www.glyphweb.com/esky/stars/zavijava.html,March,April
178,Aspidiske,https://www.glyphweb.com/esky/stars/iotacarinae.html,February,March
179,Tureis,https://www.glyphweb.com/esky/stars/iotacarinae.html,February,March
180,Turais,https://www.glyphweb.com/esky/stars/iotacarinae.html,February,March
181,Scutulum,https://www.glyphweb.com/esky/stars/iotacarinae.html,February,March
182,Albaldah,https://www.glyphweb.com/esky/stars/albaldah.html,July,July
183,Chara,https://www.glyphweb.com/esky/stars/chara.html,April,April
184,Asterion,https://www.glyphweb.com/esky/stars/chara.html,April,April
185,Albali,https://www.glyphweb.com/esky/stars/albali.html,August,August
186,Asterope,https://www.glyphweb.com/esky/stars/asterope.html,November,December
187,Sterope I,https://www.glyphweb.com/esky/stars/asterope.html,November,December
188,Albireo,https://www.glyphweb.com/esky/stars/albireo.html,July,August
189,Albereo,https://www.glyphweb.com/esky/stars/albireo.html,July,August
190,Tiaki,https://www.glyphweb.com/esky/stars/gruid.html,September,September
191,Gruid,https://www.glyphweb.com/esky/stars/gruid.html,September,September
192,Alphaulka,https://www.glyphweb.com/esky/stars/gruid.html,September,September
193,Alphecca,https://www.glyphweb.com/esky/stars/gemma.html,May,June
194,Alphekka,https://www.glyphweb.com/esky/stars/gemma.html,May,June
195,Gemma,https://www.glyphweb.com/esky/stars/gemma.html,May,June
196,Atakoraka,https://www.glyphweb.com/esky/stars/atakoraka.html,January,January
197,Athebyne,https://www.glyphweb.com/esky/stars/athebyne.html,June,June
198,Atik,https://www.glyphweb.com/esky/stars/atik.html,November,December
199,Alcor,https://www.glyphweb.com/esky/stars/alcor.html,April,May
200,Menhib,https://www.glyphweb.com/esky/stars/menkhib.html,November,December
201,Alcyone,https://www.glyphweb.com/esky/stars/alcyone.html,November,December
202,Alpheratz,https://www.glyphweb.com/esky/stars/sirrah.html,October,October
203,Sirrah,https://www.glyphweb.com/esky/stars/sirrah.html,October,October
204,Atlas,https://www.glyphweb.com/esky/stars/atlas.html,November,December
205,Aldebaran,https://www.glyphweb.com/esky/stars/aldebaran.html,December,December
206,Oculus Australis,https://www.glyphweb.com/esky/stars/aldebaran.html,December,December
207,Paralicium,https://www.glyphweb.com/esky/stars/aldebaran.html,December,December
208,Atria,https://www.glyphweb.com/esky/stars/atria.html,June,June
209,Alderamin,https://www.glyphweb.com/esky/stars/alderamin.html,August,September
210,Errai,https://www.glyphweb.com/esky/stars/alrai.html,September,October
211,Alrai,https://www.glyphweb.com/esky/stars/alrai.html,September,October
212,Avior,https://www.glyphweb.com/esky/stars/avior.html,February,February
213,Aldhibah,https://www.glyphweb.com/esky/stars/nodusi.html,June,July
214,Nodus I,https://www.glyphweb.com/esky/stars/nodusi.html,June,July
215,Nodus III,https://www.glyphweb.com/esky/stars/nodusi.html,June,July
216,Rukbat,https://www.glyphweb.com/esky/stars/rukbat.html,July,August
217,Alrami,https://www.glyphweb.com/esky/stars/rukbat.html,July,August
218,Baekdu,https://www.glyphweb.com/esky/stars/baekdu.html,May,May
219,Batentaban Australis,https://www.glyphweb.com/esky/stars/batentabanaustralis.html,July,July
220,Berehynia,https://www.glyphweb.com/esky/stars/berehynia.html,December,December
221,Biham,https://www.glyphweb.com/esky/stars/biham.html,September,September
222,Baham,https://www.glyphweb.com/esky/stars/biham.html,September,September
223,Batentaban Borealis,https://www.glyphweb.com/esky/stars/batentabanborealis.html,July,July
224,Minbar,https://www.glyphweb.com/esky/stars/batentabanborealis.html,July,July
225,Betelgeuse,https://www.glyphweb.com/esky/stars/betelgeuse.html,December,January
226,Bake-eo,https://www.glyphweb.com/esky/stars/gammaophiuchi.html,June,July
227,Bake Eo,https://www.glyphweb.com/esky/stars/gammaophiuchi.html,June,July
228,Batsṹ,https://www.glyphweb.com/esky/stars/batsu.html,September,September
229,Mimosa,https://www.glyphweb.com/esky/stars/becrux.html,April,April
230,Becrux,https://www.glyphweb.com/esky/stars/becrux.html,April,April
231,Barnard'sStar,https://www.glyphweb.com/esky/stars/barnardsstar.html,July,July
232,Velox Barnardi,https://www.glyphweb.com/esky/stars/barnardsstar.html,July,July
233,Bélénos,https://www.glyphweb.com/esky/stars/belenos.html,October,November
234,Bosona,https://www.glyphweb.com/esky/stars/bosona.html,August,September
235,Bellatrix,https://www.glyphweb.com/esky/stars/bellatrix.html,December,January
236,Botein,https://www.glyphweb.com/esky/stars/botein.html,November,December
237,Regulus,https://www.glyphweb.com/esky/stars/regulus.html,March,March
238,Basilicus,https://www.glyphweb.com/esky/stars/regulus.html,March,March
239,Kalb,https://www.glyphweb.com/esky/stars/regulus.html,March,March
240,Brachium,https://www.glyphweb.com/esky/stars/brachium.html,May,May
241,Cornu,https://www.glyphweb.com/esky/stars/brachium.html,May,May
242,Zubenhakrabi,https://www.glyphweb.com/esky/stars/brachium.html,May,May
243,Baten Kaitos,https://www.glyphweb.com/esky/stars/batenkaitos.html,October,November
244,Tejat,https://www.glyphweb.com/esky/stars/pishpai.html,January,January
245,Tejat Posterior,https://www.glyphweb.com/esky/stars/pishpai.html,January,January
246,Calx,https://www.glyphweb.com/esky/stars/pishpai.html,January,January
247,Pishpai,https://www.glyphweb.com/esky/stars/pishpai.html,January,January
248,Seginus,https://www.glyphweb.com/esky/stars/haris.html,May,May
249,Haris,https://www.glyphweb.com/esky/stars/haris.html,May,May
250,Cih,https://www.glyphweb.com/esky/stars/cih.html,October,October
251,Navi,https://www.glyphweb.com/esky/stars/cih.html,October,October
252,Citalá,https://www.glyphweb.com/esky/stars/citala.html,January,January
253,Canopus,https://www.glyphweb.com/esky/stars/canopus.html,January,January
254,Celaeno,https://www.glyphweb.com/esky/stars/celaeno.html,November,December
255,Copernicus,https://www.glyphweb.com/esky/stars/copernicus.html,February,February
256,Capella,https://www.glyphweb.com/esky/stars/capella.html,December,January
257,The Shepherd'sStar,https://www.glyphweb.com/esky/stars/capella.html,December,January
258,Cerberus,https://www.glyphweb.com/esky/stars/cerberus.html,June,June
259,Cor Caroli,https://www.glyphweb.com/esky/stars/corcaroli.html,April,April
260,Caph,https://www.glyphweb.com/esky/stars/caph.html,October,October
261,Kaff,https://www.glyphweb.com/esky/stars/caph.html,October,October
262,Cervantes,https://www.glyphweb.com/esky/stars/cervantes.html,June,July
263,Mothallah,https://www.glyphweb.com/esky/stars/metallah.html,October,November
264,Caput Trianguli,https://www.glyphweb.com/esky/stars/metallah.html,October,November
265,Metallah,https://www.glyphweb.com/esky/stars/metallah.html,October,November
266,Ras al Mothallah,https://www.glyphweb.com/esky/stars/metallah.html,October,November
267,Chalawan,https://www.glyphweb.com/esky/stars/chalawan.html,March,March
268,Castor,https://www.glyphweb.com/esky/stars/castor.html,January,February
269,Chamukuy,https://www.glyphweb.com/esky/stars/theta2tauri.html,December,December
270,Coryphaena,https://www.glyphweb.com/esky/stars/alphadoradus.html,December,December
271,CaudaHydrae,https://www.glyphweb.com/esky/stars/caudahydrae.html,April,May
272,Dhanab al Shuja,https://www.glyphweb.com/esky/stars/caudahydrae.html,April,May
273,Chertan,https://www.glyphweb.com/esky/stars/chertan.html,March,April
274,Chort,https://www.glyphweb.com/esky/stars/chertan.html,March,April
275,Coxa,https://www.glyphweb.com/esky/stars/chertan.html,March,April
276,Chechia,https://www.glyphweb.com/esky/stars/chechia.html,August,August
277,Cursa,https://www.glyphweb.com/esky/stars/cursa.html,December,December
278,Dhalim,https://www.glyphweb.com/esky/stars/cursa.html,December,December
279,Kursa,https://www.glyphweb.com/esky/stars/cursa.html,December,December
280,Cayrel'sStar,https://www.glyphweb.com/esky/stars/cayrelsstar.html,October,November
281,Cynosura,https://www.glyphweb.com/esky/stars/polaris.html,Always visible from northern latitudes,Always visible from northern latitudes
282,North Star,https://www.glyphweb.com/esky/stars/polaris.html,Always visible from northern latitudes,Always visible from northern latitudes
283,Polaris,https://www.glyphweb.com/esky/stars/polaris.html,Always visible from northern latitudes,Always visible from northern latitudes
284,Pole Star,https://www.glyphweb.com/esky/stars/polaris.html,Always visible from northern latitudes,Always visible from northern latitudes
285,Cebalrai,https://www.glyphweb.com/esky/stars/kelbalrai.html,June,July
286,Kelb Alrai,https://www.glyphweb.com/esky/stars/kelbalrai.html,June,July
287,Dabih,https://www.glyphweb.com/esky/stars/dabih.html,August,August
288,Diadem,https://www.glyphweb.com/esky/stars/diadem.html,April,May
289,Dalim,https://www.glyphweb.com/esky/stars/fornacis.html,November,December
290,Fornacis,https://www.glyphweb.com/esky/stars/fornacis.html,November,December
291,Deneb el Okab,https://www.glyphweb.com/esky/stars/denebelokab.html,July,July
292,Deneb al Okab,https://www.glyphweb.com/esky/stars/denebelokab.html,July,July
293,Diphda,https://www.glyphweb.com/esky/stars/denebkaitos.html,October,October
294,Deneb Kaitos,https://www.glyphweb.com/esky/stars/denebkaitos.html,October,October
295,Rana Secunda,https://www.glyphweb.com/esky/stars/denebkaitos.html,October,October
296,Danfeng,https://www.glyphweb.com/esky/stars/danfeng.html,September,October
297,Okab,https://www.glyphweb.com/esky/stars/okab.html,July,July
298,Diwō,https://www.glyphweb.com/esky/stars/diwo.html,June,June
299,Diya,https://www.glyphweb.com/esky/stars/diya.html,November,November
300,Deneb,https://www.glyphweb.com/esky/stars/deneb.html,August,August
301,DenebCygni,https://www.glyphweb.com/esky/stars/deneb.html,August,August
302,Arided,https://www.glyphweb.com/esky/stars/deneb.html,August,August
303,Aridif,https://www.glyphweb.com/esky/stars/deneb.html,August,August
304,Deneb Kaitos Shemali,https://www.glyphweb.com/esky/stars/denebkaitosshemali.html,October,October
305,Talitha,https://www.glyphweb.com/esky/stars/talitha.html,February,February
306,Dnoces,https://www.glyphweb.com/esky/stars/talitha.html,February,February
307,Deneb Okab,https://www.glyphweb.com/esky/stars/denebokab.html,July,August
308,Denebola,https://www.glyphweb.com/esky/stars/denebola.html,March,April
309,Dombay,https://www.glyphweb.com/esky/stars/dombay.html,April,May
310,Deneb Algedi,https://www.glyphweb.com/esky/stars/denebalgiedi.html,August,September
311,Deneb Algiedi,https://www.glyphweb.com/esky/stars/denebalgiedi.html,August,September
312,Scheddi,https://www.glyphweb.com/esky/stars/denebalgiedi.html,August,September
313,Dschubba,https://www.glyphweb.com/esky/stars/dschubba.html,June,June
314,Iclarclau,https://www.glyphweb.com/esky/stars/dschubba.html,June,June
315,Dheneb,https://www.glyphweb.com/esky/stars/dheneb.html,October,October
316,Deneb Algenubi,https://www.glyphweb.com/esky/stars/dheneb.html,October,October
317,Dubhe,https://www.glyphweb.com/esky/stars/dubhe.html,March,March
318,Zosma,https://www.glyphweb.com/esky/stars/zosma.html,March,April
319,Duhr,https://www.glyphweb.com/esky/stars/zosma.html,March,April
320,Zubra,https://www.glyphweb.com/esky/stars/zosma.html,March,April
321,Edasich,https://www.glyphweb.com/esky/stars/edasich.html,May,June
322,Ed Asich,https://www.glyphweb.com/esky/stars/edasich.html,May,June
323,GarnetStar,https://www.glyphweb.com/esky/stars/erakis.html,August,September
324,Herschels GarnetStar,https://www.glyphweb.com/esky/stars/erakis.html,August,September
325,Erakis,https://www.glyphweb.com/esky/stars/erakis.html,August,September
326,Eltanin,https://www.glyphweb.com/esky/stars/etamin.html,July,July
327,Etamin,https://www.glyphweb.com/esky/stars/etamin.html,July,July
328,ZenithStar,https://www.glyphweb.com/esky/stars/etamin.html,July,July
329,Emiw,https://www.glyphweb.com/esky/stars/emiw.html,October,October
330,Electra,https://www.glyphweb.com/esky/stars/electra.html,November,December
331,Enif,https://www.glyphweb.com/esky/stars/enif.html,August,September
332,Secunda Hyadum,https://www.glyphweb.com/esky/stars/hyadumii.html,December,December
333,Secundus Hyadum,https://www.glyphweb.com/esky/stars/hyadumii.html,December,December
334,Hyadum II,https://www.glyphweb.com/esky/stars/hyadumii.html,December,December
335,Eudora,https://www.glyphweb.com/esky/stars/hyadumii.html,December,December
336,Elgafar,https://www.glyphweb.com/esky/stars/elgafar.html,May,May
337,Fafnir,https://www.glyphweb.com/esky/stars/fafnir.html,July,July
338,Fomalhaut,https://www.glyphweb.com/esky/stars/fomalhaut.html,September,September
339,Os Piscis Meridionalis,https://www.glyphweb.com/esky/stars/fomalhaut.html,September,September
340,Difda al Auwel,https://www.glyphweb.com/esky/stars/fomalhaut.html,September,September
341,Fum al Samakah,https://www.glyphweb.com/esky/stars/fumalsamakah.html,Not visible,Not visible
342,Fang,https://www.glyphweb.com/esky/stars/fang.html,June,June
343,Formosa,https://www.glyphweb.com/esky/stars/formosa.html,March,April
344,Fumalsamakah,https://www.glyphweb.com/esky/stars/fumalsamakah.html,Not visible,Not visible
345,Furud,https://www.glyphweb.com/esky/stars/furud.html,January,January
346,Phurud,https://www.glyphweb.com/esky/stars/furud.html,January,January
347,Filetdor,https://www.glyphweb.com/esky/stars/filetdor.html,February,March
348,Fulu,https://www.glyphweb.com/esky/stars/fulu.html,October,October
349,Fuyue,https://www.glyphweb.com/esky/stars/fuyue.html,June,July
350,Gacrux,https://www.glyphweb.com/esky/stars/gacrux.html,April,April
351,Gorgonea Quarta,https://www.glyphweb.com/esky/stars/gorgoneaquarta.html,November,December
352,Gar,https://www.glyphweb.com/esky/stars/gar.html,April,April
353,GienahCorvi,https://www.glyphweb.com/esky/stars/gienahghurab.html,April,April
354,Gienah Ghurab,https://www.glyphweb.com/esky/stars/gienahghurab.html,April,April
355,Gorgonea Secunda,https://www.glyphweb.com/esky/stars/gorgoneasecunda.html,November,November
356,Gorgonea Tertia,https://www.glyphweb.com/esky/stars/gorgoneatertia.html,November,November
357,Geminga,https://www.glyphweb.com/esky/stars/geminga.html,January,January
358,Grafias*,https://www.glyphweb.com/esky/stars/grafias.html,June,June
359,Ginan,https://www.glyphweb.com/esky/stars/ginan.html,April,April
360,Girtab,https://www.glyphweb.com/esky/stars/girtab.html,June,July
361,Gomeisa,https://www.glyphweb.com/esky/stars/gomeisa.html,January,February
362,Grumium,https://www.glyphweb.com/esky/stars/grumium.html,July,July
363,Gumala,https://www.glyphweb.com/esky/stars/gumala.html,July,August
364,Hatysa,https://www.glyphweb.com/esky/stars/hatysa.html,December,January
365,Nair al Saif,https://www.glyphweb.com/esky/stars/hatysa.html,December,January
366,Saclateni,https://www.glyphweb.com/esky/stars/hoedusi.html,December,December
367,Hoedus I,https://www.glyphweb.com/esky/stars/hoedusi.html,December,December
368,Haedus I,https://www.glyphweb.com/esky/stars/hoedusi.html,December,December
369,Haedi,https://www.glyphweb.com/esky/stars/hoedusi.html,December,December
370,Head ofHydrus,https://www.glyphweb.com/esky/stars/headofhydrus.html,November,November
371,Haedus,https://www.glyphweb.com/esky/stars/hoedusii.html,December,December
372,Haedus II,https://www.glyphweb.com/esky/stars/hoedusii.html,December,December
373,Hoedus II,https://www.glyphweb.com/esky/stars/hoedusii.html,December,December
374,Hoerikwaggo,https://www.glyphweb.com/esky/stars/alphamensae.html,Not visible,Not visible
375,Meissa,https://www.glyphweb.com/esky/stars/heka.html,December,January
376,Heka,https://www.glyphweb.com/esky/stars/heka.html,December,January
377,Hatya,https://www.glyphweb.com/esky/stars/heka.html,December,January
378,Homam,https://www.glyphweb.com/esky/stars/homam.html,September,September
379,Hamal,https://www.glyphweb.com/esky/stars/hamal.html,November,November
380,Helvetios,https://www.glyphweb.com/esky/stars/51pegasi.html,September,September
381,Horna,https://www.glyphweb.com/esky/stars/horna.html,November,November
382,Hyadum I,https://www.glyphweb.com/esky/stars/hyadumi.html,Not visible,Not visible
383,Heze,https://www.glyphweb.com/esky/stars/heze.html,April,May
384,Hind's CrimsonStar,https://www.glyphweb.com/esky/stars/hindscrimsonstar.html,December,December
385,Hydor,https://www.glyphweb.com/esky/stars/hydor.html,September,September
386,Imai,https://www.glyphweb.com/esky/stars/deltacrucis.html,April,April
387,Sephdar,https://www.glyphweb.com/esky/stars/sephdar.html,July,July
388,Ira Furoris,https://www.glyphweb.com/esky/stars/sephdar.html,July,July
389,Inquill,https://www.glyphweb.com/esky/stars/inquill.html,June,July
390,Muliphein,https://www.glyphweb.com/esky/stars/muliphein.html,January,January
391,Iklil,https://www.glyphweb.com/esky/stars/iklil.html,June,June
392,Intercrus,https://www.glyphweb.com/esky/stars/intercrus.html,February,March
393,Izar,https://www.glyphweb.com/esky/stars/izar.html,May,May
394,Pulcherrima,https://www.glyphweb.com/esky/stars/izar.html,May,May
395,Jabbah,https://www.glyphweb.com/esky/stars/jabbah.html,June,June
396,Lesath,https://www.glyphweb.com/esky/stars/jabbah.html,June,June
397,Kaus Australis,https://www.glyphweb.com/esky/stars/kausaustralis.html,July,July
398,Kochab,https://www.glyphweb.com/esky/stars/kochab.html,May,May
399,Kocab,https://www.glyphweb.com/esky/stars/kochab.html,May,May
400,Megrez,https://www.glyphweb.com/esky/stars/megrez.html,April,April
401,Kaffa,https://www.glyphweb.com/esky/stars/megrez.html,April,April
402,Kaus Borealis,https://www.glyphweb.com/esky/stars/kausborealis.html,July,July
403,Kaffaljidhma,https://www.glyphweb.com/esky/stars/kaffaljidhma.html,November,November
404,Kaus Media,https://www.glyphweb.com/esky/stars/kausmedius.html,July,July
405,Kaus Medius,https://www.glyphweb.com/esky/stars/kausmedius.html,July,July
406,Kaus Meridionalis,https://www.glyphweb.com/esky/stars/kausmedius.html,July,July
407,Koeia,https://www.glyphweb.com/esky/stars/koeia.html,November,November
408,Uridim,https://www.glyphweb.com/esky/stars/kakkab.html,May,May
409,Kakkab,https://www.glyphweb.com/esky/stars/kakkab.html,May,May
410,Komondor,https://www.glyphweb.com/esky/stars/komondor.html,May,May
411,Kalausi,https://www.glyphweb.com/esky/stars/kalausi.html,February,March
412,Keid,https://www.glyphweb.com/esky/stars/keid.html,December,December
413,Vulcan,https://www.glyphweb.com/esky/stars/keid.html,December,December
414,Kraz,https://www.glyphweb.com/esky/stars/kraz.html,April,April
415,Kamuy,https://www.glyphweb.com/esky/stars/kamuy.html,June,June
416,Salm,https://www.glyphweb.com/esky/stars/salm.html,September,October
417,Kerb,https://www.glyphweb.com/esky/stars/salm.html,September,October
418,Markab,https://www.glyphweb.com/esky/stars/salm.html,September,October
419,Ruchbah,https://www.glyphweb.com/esky/stars/ksora.html,October,November
420,Ksora,https://www.glyphweb.com/esky/stars/ksora.html,October,November
421,Kapteyn'sStar,https://www.glyphweb.com/esky/stars/kapteynsstar.html,December,December
422,Khambalia,https://www.glyphweb.com/esky/stars/khambalia.html,May,May
423,Karaka,https://www.glyphweb.com/esky/stars/karaka.html,May,June
424,Kitalpha,https://www.glyphweb.com/esky/stars/kitalpha.html,August,September
425,Lang-Exster,https://www.glyphweb.com/esky/stars/alphatucanae.html,September,September
426,Lich,https://www.glyphweb.com/esky/stars/lich.html,April,April
427,Larawag,https://www.glyphweb.com/esky/stars/epsilonscorpii.html,June,June
428,Lesuth,https://www.glyphweb.com/esky/stars/lesath.html,June,July
429,Liesma,https://www.glyphweb.com/esky/stars/liesma.html,April,May
430,Lusitânia,https://www.glyphweb.com/esky/stars/lusitania.html,January,January
431,Lerna,https://www.glyphweb.com/esky/stars/lerna.html,February,February
432,Libertas,https://www.glyphweb.com/esky/stars/libertas.html,August,August
433,Luyten'sStar,https://www.glyphweb.com/esky/stars/luytensstar.html,January,February
434,Menkib,https://www.glyphweb.com/esky/stars/menkib.html,December,December
435,Menkhib,https://www.glyphweb.com/esky/stars/menkib.html,December,December
436,Menchib,https://www.glyphweb.com/esky/stars/menkib.html,December,December
437,Mira,https://www.glyphweb.com/esky/stars/mira.html,November,November
438,MiraCeti,https://www.glyphweb.com/esky/stars/mira.html,November,November
439,Mago,https://www.glyphweb.com/esky/stars/mago.html,December,December
440,Menkalinan,https://www.glyphweb.com/esky/stars/menkalinan.html,January,January
441,Mirach,https://www.glyphweb.com/esky/stars/mirach.html,October,October
442,Mahasim,https://www.glyphweb.com/esky/stars/thetaaurigae.html,January,January
443,Menkar,https://www.glyphweb.com/esky/stars/menkar.html,November,November
444,Maia,https://www.glyphweb.com/esky/stars/maia.html,November,December
445,Menkent,https://www.glyphweb.com/esky/stars/menkent.html,May,May
446,Marfak,https://www.glyphweb.com/esky/stars/marfak.html,October,October
447,Marfik,https://www.glyphweb.com/esky/stars/marfik.html,June,June
448,Mirzam,https://www.glyphweb.com/esky/stars/mirzam.html,January,January
449,Murzim,https://www.glyphweb.com/esky/stars/mirzam.html,January,January
450,Misam,https://www.glyphweb.com/esky/stars/kappapersei.html,November,November
451,Markeb,https://www.glyphweb.com/esky/stars/k1puppis.html,January,February
452,Merak,https://www.glyphweb.com/esky/stars/merak.html,March,March
453,Mizar,https://www.glyphweb.com/esky/stars/mizar.html,April,May
454,Nekkar,https://www.glyphweb.com/esky/stars/nekkar.html,May,May
455,Meres,https://www.glyphweb.com/esky/stars/nekkar.html,May,May
456,Morava,https://www.glyphweb.com/esky/stars/morava.html,September,October
457,Merope,https://www.glyphweb.com/esky/stars/merope.html,November,December
458,Muphrid,https://www.glyphweb.com/esky/stars/mufrid.html,May,May
459,Mufrid,https://www.glyphweb.com/esky/stars/mufrid.html,May,May
460,Muhlifain,https://www.glyphweb.com/esky/stars/muhlifain.html,April,April
461,Marsic,https://www.glyphweb.com/esky/stars/marsic.html,June,June
462,Miaplacidus,https://www.glyphweb.com/esky/stars/miaplacidus.html,February,March
463,Maru,https://www.glyphweb.com/esky/stars/maru.html,February,February
464,Matar,https://www.glyphweb.com/esky/stars/matar.html,September,September
465,Mebsuta,https://www.glyphweb.com/esky/stars/mebsuta.html,January,January
466,Melucta,https://www.glyphweb.com/esky/stars/mebsuta.html,January,January
467,Muscida,https://www.glyphweb.com/esky/stars/muscida.html,February,February
468,Minkar,https://www.glyphweb.com/esky/stars/minkar.html,April,April
469,Musica,https://www.glyphweb.com/esky/stars/musica.html,August,August
470,Mintaka,https://www.glyphweb.com/esky/stars/mintaka.html,December,January
471,Myla,https://www.glyphweb.com/esky/stars/alphamuscae.html,April,April
472,Nembus,https://www.glyphweb.com/esky/stars/nembus.html,October,November
473,Noquisi,https://www.glyphweb.com/esky/stars/noquisi.html,March,April
474,Naos,https://www.glyphweb.com/esky/stars/naos.html,February,February
475,Suhail Hadar,https://www.glyphweb.com/esky/stars/naos.html,February,February
476,Nenque,https://www.glyphweb.com/esky/stars/nenque.html,October,October
477,Nihal,https://www.glyphweb.com/esky/stars/nihal.html,December,January
478,Nunki,https://www.glyphweb.com/esky/stars/nunki.html,July,July
479,Nashira,https://www.glyphweb.com/esky/stars/nashira.html,August,September
480,Nikawiy,https://www.glyphweb.com/esky/stars/nikawiy.html,May,June
481,Nusakan,https://www.glyphweb.com/esky/stars/nusakan.html,May,June
482,Nushagak,https://www.glyphweb.com/esky/stars/nushagak.html,Not visible,Not visible
483,Nyamien,https://www.glyphweb.com/esky/stars/nyamien.html,May,May
484,Nehushtan,https://www.glyphweb.com/esky/stars/nehushtan.html,June,July
485,Orkaria,https://www.glyphweb.com/esky/stars/orkaria.html,June,July
486,Okul,https://www.glyphweb.com/esky/stars/picapricorni.html,Not visible,Not visible
487,Pherkad Minor,https://www.glyphweb.com/esky/stars/pherkadminor.html,May,June
488,Pherkard,https://www.glyphweb.com/esky/stars/pherkadminor.html,May,June
489,Pollux,https://www.glyphweb.com/esky/stars/pollux.html,January,February
490,Peacock,https://www.glyphweb.com/esky/stars/peacock.html,August,August
491,Yildun,https://www.glyphweb.com/esky/stars/yildun.html,June,July
492,Porrima,https://www.glyphweb.com/esky/stars/porrima.html,April,April
493,Phoenicia,https://www.glyphweb.com/esky/stars/phoenicia.html,August,August
494,Propus,https://www.glyphweb.com/esky/stars/tejatprior.html,January,January
495,Tejat Prior,https://www.glyphweb.com/esky/stars/tejatprior.html,January,January
496,Praepes,https://www.glyphweb.com/esky/stars/tejatprior.html,January,January
497,The Persian,https://www.glyphweb.com/esky/stars/alphaindi.html,August,August
498,Prima Hyadum,https://www.glyphweb.com/esky/stars/hyadumi.html,Not visible,Not visible
499,Phact,https://www.glyphweb.com/esky/stars/phakt.html,December,January
500,Phakt,https://www.glyphweb.com/esky/stars/phakt.html,December,January
501,Phaet,https://www.glyphweb.com/esky/stars/phakt.html,December,January
502,Phyllon Kissinou,https://www.glyphweb.com/esky/stars/phyllonkissinou.html,April,April
503,Pipirima,https://www.glyphweb.com/esky/stars/pipirima.html,June,June
504,Sometimes catalogued asPropus,https://www.glyphweb.com/esky/stars/propus.html,January,February
505,but see footnote below,https://www.glyphweb.com/esky/stars/propus.html,January,February
506,Phecda,https://www.glyphweb.com/esky/stars/phekda.html,April,April
507,Phekda,https://www.glyphweb.com/esky/stars/phekda.html,April,April
508,Phad,https://www.glyphweb.com/esky/stars/phekda.html,April,April
509,Proxima,https://www.glyphweb.com/esky/stars/proxima.html,May,May
510,ProximaCentauri,https://www.glyphweb.com/esky/stars/proxima.html,May,May
511,Pleione,https://www.glyphweb.com/esky/stars/pleione.html,November,December
512,Sometimes referred to asProxima Librae*,https://www.glyphweb.com/esky/stars/kx_librae.html,May,May
513,Pherkad,https://www.glyphweb.com/esky/stars/pherkad.html,May,June
514,Ran,https://www.glyphweb.com/esky/stars/epsiloneridani.html,November,December
515,Rasalgethi,https://www.glyphweb.com/esky/stars/rasalgethi.html,June,July
516,Ras Algethi,https://www.glyphweb.com/esky/stars/rasalgethi.html,June,July
517,Rigel,https://www.glyphweb.com/esky/stars/rigel.html,December,January
518,Rana,https://www.glyphweb.com/esky/stars/rana.html,November,December
519,Rasalhague,https://www.glyphweb.com/esky/stars/rasalhague.html,June,July
520,Ras Alhague,https://www.glyphweb.com/esky/stars/rasalhague.html,June,July
521,RigilKentaurus,https://www.glyphweb.com/esky/stars/alphacentauri.html,May,May
522,RigelKentaurus,https://www.glyphweb.com/esky/stars/alphacentauri.html,May,May
523,Tarazed,https://www.glyphweb.com/esky/stars/tarazed.html,July,August
524,Reda,https://www.glyphweb.com/esky/stars/tarazed.html,July,August
525,Rotanev,https://www.glyphweb.com/esky/stars/rotanev.html,August,August
526,Venator,https://www.glyphweb.com/esky/stars/rotanev.html,August,August
527,Suhail al Muhlif,https://www.glyphweb.com/esky/stars/suhailalmuhlif.html,February,February
528,Regor,https://www.glyphweb.com/esky/stars/suhailalmuhlif.html,February,February
529,Ruchba,https://www.glyphweb.com/esky/stars/ruchba.html,August,August
530,Revati,https://www.glyphweb.com/esky/stars/zetapiscium.html,October,November
531,Rhombus,https://www.glyphweb.com/esky/stars/alphareticuli.html,December,December
532,Sabik,https://www.glyphweb.com/esky/stars/sabik.html,June,July
533,Schedir,https://www.glyphweb.com/esky/stars/schedir.html,October,October
534,Schedar,https://www.glyphweb.com/esky/stars/schedir.html,October,October
535,Shedir,https://www.glyphweb.com/esky/stars/schedir.html,October,October
536,Sneden'sStar,https://www.glyphweb.com/esky/stars/snedensstar.html,September,September
537,Sol,https://www.glyphweb.com/esky/stars/sun.html,Not visible,Not visible
538,Sadachbia,https://www.glyphweb.com/esky/stars/sadachbia.html,September,September
539,Sadalachbia,https://www.glyphweb.com/esky/stars/sadachbia.html,September,September
540,Solaris,https://www.glyphweb.com/esky/stars/solaris.html,August,September
541,Spica,https://www.glyphweb.com/esky/stars/spica.html,April,May
542,Sadalbari,https://www.glyphweb.com/esky/stars/sadalbari.html,September,September
543,Segin,https://www.glyphweb.com/esky/stars/segin.html,October,November
544,Stellio,https://www.glyphweb.com/esky/stars/alphalacertae.html,September,September
545,Sadalmelik,https://www.glyphweb.com/esky/stars/sadalmelik.html,September,September
546,Sadalmelek,https://www.glyphweb.com/esky/stars/sadalmelik.html,September,September
547,Sterope,https://www.glyphweb.com/esky/stars/sterope.html,November,December
548,Sterope II,https://www.glyphweb.com/esky/stars/sterope.html,November,December
549,Sadalsuud,https://www.glyphweb.com/esky/stars/sadalsuud.html,August,September
550,Sadalsud,https://www.glyphweb.com/esky/stars/sadalsuud.html,August,September
551,Shaomin,https://www.glyphweb.com/esky/stars/rholeonis.html,March,March
552,Sterrennacht,https://www.glyphweb.com/esky/stars/sterrennacht.html,September,October
553,Sadr,https://www.glyphweb.com/esky/stars/sadir.html,August,August
554,Sadir,https://www.glyphweb.com/esky/stars/sadir.html,August,August
555,Sheratan,https://www.glyphweb.com/esky/stars/sheratan.html,October,November
556,Sharatan,https://www.glyphweb.com/esky/stars/sheratan.html,October,November
557,Sualocin,https://www.glyphweb.com/esky/stars/sualocin.html,August,August
558,None,https://www.glyphweb.com/esky/stars/sharjah.html,June,June
559,Subra,https://www.glyphweb.com/esky/stars/subra.html,February,March
560,Saiph,https://www.glyphweb.com/esky/stars/saiph.html,December,January
561,Shaula,https://www.glyphweb.com/esky/stars/shaula.html,June,July
562,Samoht,https://www.glyphweb.com/esky/stars/alphamonocerotis.html,Not visible,Not visible
563,Sheliak,https://www.glyphweb.com/esky/stars/sheliak.html,July,July
564,Sargas,https://www.glyphweb.com/esky/stars/sargas.html,June,July
565,Sulafat,https://www.glyphweb.com/esky/stars/sulaphat.html,July,July
566,Sulaphat,https://www.glyphweb.com/esky/stars/sulaphat.html,July,July
567,Sarin,https://www.glyphweb.com/esky/stars/sarin.html,June,July
568,Sceptrum,https://www.glyphweb.com/esky/stars/sceptrum.html,December,December
569,Some sources name thisstarasSinistra,https://www.glyphweb.com/esky/stars/nuophiuchi.html,July,July
570,though this is not in common use,https://www.glyphweb.com/esky/stars/nuophiuchi.html,July,July
571,Sun,https://www.glyphweb.com/esky/stars/sun.html,Not visible,Not visible
572,Scheat,https://www.glyphweb.com/esky/stars/scheat.html,September,September
573,Syrma,https://www.glyphweb.com/esky/stars/syrma.html,May,May
574,Skat,https://www.glyphweb.com/esky/stars/skat.html,September,September
575,Tabit,https://www.glyphweb.com/esky/stars/pi1orionis.html,December,December
576,Tianguan,https://www.glyphweb.com/esky/stars/zetatauri.html,December,January
577,Taygeta,https://www.glyphweb.com/esky/stars/taygeta.html,November,December
578,Titawin,https://www.glyphweb.com/esky/stars/upsilonandromedae.html,October,November
579,Teegarden'sStar,https://www.glyphweb.com/esky/stars/so253005165258.html,November,November
580,Tabit (Upsilon Orionis),https://www.glyphweb.com/esky/stars/thabit.html,Not visible,Not visible
581,Tonatiuh,https://www.glyphweb.com/esky/stars/tonatiuh.html,April,April
582,Taika,https://www.glyphweb.com/esky/stars/taika.html,September,September
583,Torcular,https://www.glyphweb.com/esky/stars/torcularisseptentrionalis.html,October,November
584,Torcularis Septentrionalis,https://www.glyphweb.com/esky/stars/torcularisseptentrionalis.html,October,November
585,Tevel,https://www.glyphweb.com/esky/stars/tevel.html,January,February
586,The Trapezium,https://www.glyphweb.com/esky/stars/trapezium.html,December,January
587,Thabit,https://www.glyphweb.com/esky/stars/thabit.html,Not visible,Not visible
588,Thuban,https://www.glyphweb.com/esky/stars/thuban.html,May,May
589,Tapecue,https://www.glyphweb.com/esky/stars/tapecue.html,January,February
590,Ukdah,https://www.glyphweb.com/esky/stars/ukdah.html,February,March
591,Unukalhai,https://www.glyphweb.com/esky/stars/unukelhaia.html,May,June
592,Unuk Élhaia,https://www.glyphweb.com/esky/stars/unukelhaia.html,May,June
593,Unurgunite,https://www.glyphweb.com/esky/stars/unurgunite.html,January,January
594,The B component is sometimes known as 'Van Biesbroeck'sStar',https://www.glyphweb.com/esky/stars/v1428aquilae.html,July,August
595,Vathorz Prior,https://www.glyphweb.com/esky/stars/vathorzprior.html,February,March
596,Veritate,https://www.glyphweb.com/esky/stars/veritate.html,September,October
597,van Maanen'sStar,https://www.glyphweb.com/esky/stars/vanmaanensstar.html,October,October
598,Vega,https://www.glyphweb.com/esky/stars/vega.html,July,July
599,Vindemiatrix,https://www.glyphweb.com/esky/stars/vindemiatrix.html,April,April
600,Vathorz Posterior,https://www.glyphweb.com/esky/stars/vathorzposterior.html,March,March
601,Wasat,https://www.glyphweb.com/esky/stars/wasat.html,January,February
602,Wezen,https://www.glyphweb.com/esky/stars/wezen.html,January,January
603,Ursae Majoris,https://www.glyphweb.com/esky/stars/../constellations/m40.html,April,April
604,Wazn,https://www.glyphweb.com/esky/stars/wazn.html,December,January
605,Wezn,https://www.glyphweb.com/esky/stars/wazn.html,December,January
606,Wurren,https://www.glyphweb.com/esky/stars/wurren.html,October,October
607,Xami,https://www.glyphweb.com/esky/stars/alphacircini.html,May,May
608,Xihe,https://www.glyphweb.com/esky/stars/xihe.html,July,July
609,Xuange,https://www.glyphweb.com/esky/stars/xuange.html,May,May
610,Xamidimura,https://www.glyphweb.com/esky/stars/xamidimura.html,June,June
611,Yed Posterior,https://www.glyphweb.com/esky/stars/yedposterior.html,June,June
612,Yed Prior,https://www.glyphweb.com/esky/stars/yedprior.html,June,June
613,Zaniah,https://www.glyphweb.com/esky/stars/zaniah.html,April,April
614,Zhang,https://www.glyphweb.com/esky/stars/zhang.html,March,March
615,Zubenelgenubi,https://www.glyphweb.com/esky/stars/zubenelgenubi.html,May,May
616,Zuben Elgenubi,https://www.glyphweb.com/esky/stars/zubenelgenubi.html,May,May
617,Zaurak,https://www.glyphweb.com/esky/stars/zaurak.html,December,December
618,Zaurac,https://www.glyphweb.com/esky/stars/zaurak.html,December,December
619,Zhou,https://www.glyphweb.com/esky/stars/betaserpentis.html,Not visible,Not visible
620,Zubenelhakrabi,https://www.glyphweb.com/esky/stars/zubenelhakrabi.html,May,June
621,Zuben Elakrab,https://www.glyphweb.com/esky/stars/zubenelhakrabi.html,May,June
622,Zubeneschamali,https://www.glyphweb.com/esky/stars/zubenelschemali.html,May,June
623,Zubenelschemali,https://www.glyphweb.com/esky/stars/zubenelschemali.html,May,June
624,Zuben Elschemali,https://www.glyphweb.com/esky/stars/zubenelschemali.html,May,June
625,Zubenesch,https://www.glyphweb.com/esky/stars/zubenelschemali.html,May,June
626,Zembra,https://www.glyphweb.com/esky/stars/zembra.html,September,September
627,Sometimes known asZuben Hakrabi,https://www.glyphweb.com/esky/stars/upsilonlibrae.html,May,June
628,but see note below,https://www.glyphweb.com/esky/stars/upsilonlibrae.html,May,June
